INSERT INTO Constructors VALUES
('McLauren', 'British', 'Mercedes', 884, 95, 180),
('BMW Sauber', 'German', 'BMW', 70, 95, 180),
('Renault', 'French', 'Renault', 660, 91, 175),
('Ferrari', 'Italian', 'Ferrari', 1010, 93, 180),
('Toyota', 'Japanese', 'Toyota', 1140, 91, 175),
('Red Bull', 'Austrian', 'Honda', 304, 91, 175),
('Honda', 'Japanese', 'Honda', 88, 91, 175),
('Toro Rosso', 'Italial', 'Ferrari', 268, 93, 180),
('Jaguar', 'British', 'Cosworth', 85, 93, 178);
SELECT * FROM Constructors;

INSERT INTO Drivers VALUES
('Hamilton', '1985-01-07', 'British', 'McLauren'),
('Heidfeld', '1977-05-10', 'German', 'BMW Sauber'),
('Alonso', '1981-07-29', 'Spanish', 'Renault'),
('Raikkonen', '1979-10-17', 'Finnish', 'Ferrari'),
('Kubica', '1984-12-07', 'Polish', 'BMW Sauber'),
('Massa', '1981-04-25', 'Brazilian', 'Ferrari'),
('Trulli', '1974-07-13', 'Italian', 'Toyota'),
('Webber', '1976-08-27', 'Australian', 'Red Bull'),
('Button', '1980-01-19', 'British', 'Honda'),
('Vettel', '1987-07-03', 'German', 'Toro Rosso'),
('Barrichello', '1972-05-23', 'Brazilian', 'Honda'),
('Irvine', '1965-11-10', 'British', 'Jaguar'),
('Schmacher', '1969-01-03', 'German', 'Ferrari');
SELECT * FROM Drivers;

INSERT INTO Races VALUES
('Australian Grand Prix', '2009-03-29', 'Australia'),
('British Grand Prix', '2009-06-21', 'Europe'),
('German Grand Prix', '2009-08-12', 'Europe'),
('European Grand Prix', '2009-08-23', 'Europe'),
('Abu Dhabi Grand Prix', '2009-11-01', 'Middle East'),
('Malaysian Grand Prix', '2008-03-23', 'Asia'),
('Spanish Grand Prix', '2008-04-27', 'Europe'),
('Singapore Grand Prix', '2008-09-28', 'Asia'),
('Brazilian Grand Prix', '2008-11-02', 'South America'),
('Monaco Grand Prix', '2007-05-27', 'Africa'),
('Canadian Grand Prix', '2007-06-10', 'North America'),
('United States Grand Prix', '2007-06-17', 'North America'),
('French Grand Prix', '2007-07-01', 'Europe'),
('Italian Grand Prix', '2007-09-09', 'Europe'),
('San Marino Grand Prix', '2004-04-25', 'Europe');
SELECT * FROM Races;

INSERT INTO Results VALUES
('Australian Grand Prix', 'Trulli', 'first place'),
('Australian Grand Prix', 'Barrichello', 'second place'),
('Australian Grand Prix', 'Button', 'third place'),
('British Grand Prix','Button', 'first place'),
('British Grand Prix','Barrichello', 'second place'),
('British Grand Prix','Vettel', 'third place'),
('German Grand Prix', 'Button', 'first place'),
('German Grand Prix', 'Vettel', 'second place'),
('German Grand Prix', 'Webber', 'third place'),
('European Grand Prix', 'Button', 'first place'),
('European Grand Prix', 'Barrichello', 'second place'),
('European Grand Prix', 'Webber', 'third place'),
('Abu Dhabi Grand Prix', 'Button', 'first place'),
('Abu Dhabi Grand Prix', 'Vettel', 'second place'),
('Abu Dhabi Grand Prix', 'Barrichello', 'third place'),
('Malaysian Grand Prix', 'Hamilton', 'first place'),
('Malaysian Grand Prix', 'Heidfeld', 'second place'),
('Malaysian Grand Prix', 'Raikkonen', 'third place'),
('Spanish Grand Prix', 'Hamilton', 'second place'),
('Singapore Grand Prix', 'Hamilton', 'first place'),
('Singapore Grand Prix', 'Massa', 'second place'),
('Singapore Grand Prix', 'Kubica', 'third place'),
('Brazilian Grand Prix', 'Hamilton', 'first place'),
('Brazilian Grand Prix', 'Massa', 'second place'),
('Monaco Grand Prix', 'Alonso', 'first place'),
('Monaco Grand Prix', 'Hamilton', 'second place'),
('Monaco Grand Prix', 'Massa', 'third place'),
('Canadian Grand Prix', 'Hamilton', 'first place'),
('Canadian Grand Prix', 'Alonso', 'second place'),
('Canadian Grand Prix', 'Massa', 'third place'),
('United States Grand Prix', 'Hamilton', 'first place'),
('United States Grand Prix', 'Alonso', 'second place'),
('United States Grand Prix', 'Massa', 'third place'),
('French Grand Prix', 'Hamilton', 'first place'),
('French Grand Prix', 'Alonso', 'second place'),
('French Grand Prix', 'Massa', 'third place'),
('Italian Grand Prix', 'Hamilton', 'first place'),
('Italian Grand Prix', 'Alonso', 'second place'),
('San Marino Grand Prix', 'Schmacher', 'first place'),
('San Marino Grand Prix', 'Barrichello', 'second place');

SELECT * FROM Results;